{
	"name": "dnd5e-spell-automation",
	"title": "DnD5E Spell Automations",
	"description": "Setting up spell effects, animations, and all the automation with MIDI, DAE, AA - it's a pain. This module does it all for you!",
	"minimumCoreVersion": "9",
	"compatibleCoreVersion": "9",
	"version": "0.0.13",
	"url": "https://github.com/Lazrius/dnd5e-spell-automation",
	"esmodules": [
		"module/main.js"
	],
	"packs": [
		{
			"name": "Macros",
			"label": "JB2A DnD5e Spell Macros",
			"system": "dnd5e",
			"path": "jb2a-dnd5e-macros.db",
			"entity": "Macro",
			"type": "Macro",
			"private": false
		}
	],
	"authors": [
		{
			"name": "Lazrius",
			"url": "https://github.com/Lazrius"
		},
		{
			"name": "IrateRedKite/Milo",
			"url": "https://github.com/IrateRedKite"
		}
	],
	"dependencies": [
		{
			"name": "autoanimations",
			"manifest": "https://raw.githubusercontent.com/otigon/automated-jb2a-animations/main/module.json",
			"type": "module"
		},
		{
			"name": "warpgate",
			"manifest": "https://raw.githubusercontent.com/trioderegion/warpgate/master/module.json",
			"type": "module"
		},
		{
			"name": "midi-qol",
			"type": "module"
		},
		{
			"name": "dnd5e",
			"type": "system"
		}
	],
	"manifest": "https://raw.githubusercontent.com/Lazrius/dnd5e-spell-automation/master/module.json",
	"download": "https://raw.githubusercontent.com/Lazrius/dnd5e-spell-automation/v0.0.13/dist/dnd5e-spell-automation-v0.0.13.zip"
}